article_title,section,thread,controversiality,min_date,max_date,nb_users,nb_messages,users_hindex,max_depth,tree_hindex,chains_num,chains_comments,permalink
Climate_change,,Internal forcing section,TBD,2004-11-17,2004-11-17,1,1,1,5,3,0,0,http://en.wikipedia.org/wiki/Talk:Climate_change/Archive_1#Internal_forcing_section
Climate_change,,Soon and Baliumas,TBD,2003-08-11,2003-08-11,1,1,0,4,2,0,0,http://en.wikipedia.org/wiki/Talk:Climate_change/Archive_1#Soon_and_Baliumas
Climate_change,radiative forcing,How Many Bulls?,TBD,2003-09-10,2003-09-11,1,2,1,2,2,0,0,http://en.wikipedia.org/wiki/Talk:Climate_change/Archive_1#How_Many_Bulls.3F
Climate_change,,Radiative Forcing,TBD,2004-01-08,2004-01-08,1,1,0,1,1,0,0,http://en.wikipedia.org/wiki/Talk:Climate_change/Archive_1#Radiative_Forcing
Climate_change,,Journal Editor,TBD,2004-01-08,2004-11-17,2,2,1,2,2,0,0,http://en.wikipedia.org/wiki/Talk:Climate_change/Archive_1#Journal_Editor
Climate_change,,Merge with global warming article,TBD,2004-07-15,2004-07-19,2,2,0,1,1,0,0,http://en.wikipedia.org/wiki/Talk:Climate_change/Archive_1#Merge_with_global_warming_article
Climate_change,terminology,This page is incoherent at best,TBD,2004-11-17,2004-11-17,1,1,0,0,0,0,0,
Climate_change,,New Articles: [[Global climate change]] and [[Climate forcings,TBD,2004-12-02,2005-07-17,2,2,1,1,1,0,0,http://en.wikipedia.org/wiki/Talk:Climate_change/Archive_1#New_Articles.3A_.5B.5BGlobal_climate_change.5D.5D_and_.5B.5BClimate_forcings
Climate_change,skepticism,"Dispute Resolution RFC, William M. Connolley",TBD,2005-01-18,2005-01-18,1,1,0,1,1,0,0,http://en.wikipedia.org/wiki/Talk:Climate_change/Archive_1#Dispute_Resolution_RFC.2C_William_M._Connolley
Climate_change,effects,skepticism,TBD,2005-02-23,2005-02-23,1,1,2,3,2,0,0,http://en.wikipedia.org/wiki/Talk:Climate_change/Archive_1#skepticism
Climate_change,global warming controversy,skepticism,TBD,2005-02-23,2005-02-23,1,1,2,3,2,0,0,http://en.wikipedia.org/wiki/Talk:Climate_change/Archive_1#skepticism
Climate_change,skepticism,skepticism,TBD,2005-02-23,2005-02-23,1,1,2,3,2,0,0,http://en.wikipedia.org/wiki/Talk:Climate_change/Archive_1#skepticism
Climate_change,effects,Paradigms,TBD,2005-03-14,2005-03-15,1,2,1,1,1,0,0,http://en.wikipedia.org/wiki/Talk:Climate_change/Archive_1#Paradigms
Climate_change,,Temporary injunction,TBD,2005-05-23,2005-05-23,1,1,0,4,1,0,0,http://en.wikipedia.org/wiki/Talk:Climate_change/Archive_1#Temporary_injunction
Climate_change,,Recent Rewrite,TBD,2007-11-13,2005-07-10,2,2,1,1,1,0,0,http://en.wikipedia.org/wiki/Talk:Climate_change/Archive_2#Recent_Rewrite
Climate_change,plate tectonics,Developing a schema,TBD,2005-07-16,2005-07-16,1,1,1,1,1,0,0,http://en.wikipedia.org/wiki/Talk:Climate_change/Archive_2#Developing_a_schema
Climate_change,,plate tectonics and climate change,TBD,2005-08-11,2005-08-22,2,2,1,1,1,0,0,http://en.wikipedia.org/wiki/Talk:Climate_change/Archive_2#plate_tectonics_and_climate_change
Climate_change,introduction,WAS's list,TBD,2005-08-12,2005-08-12,1,1,1,1,1,0,0,http://en.wikipedia.org/wiki/Talk:Climate_change/Archive_2#WAS.27s_list
Climate_change,books,WAS's list,TBD,2005-08-12,2005-08-12,1,1,1,1,1,0,0,http://en.wikipedia.org/wiki/Talk:Climate_change/Archive_2#WAS.27s_list
Climate_change,,next century?,TBD,2005-12-11,2007-02-08,2,2,1,2,1,0,0,http://en.wikipedia.org/wiki/Talk:Climate_change/Archive_2#next_century.3F
Climate_change,see also,See-also,TBD,2005-12-23,2005-12-24,2,2,0,1,1,0,0,http://en.wikipedia.org/wiki/Talk:Climate_change/Archive_2#See-also
Climate_change,,Extreme weather cost graph,TBD,2005-12-24,2005-12-28,1,2,1,1,1,0,0,http://en.wikipedia.org/wiki/Talk:Climate_change/Archive_2#Extreme_weather_cost_graph
Climate_change,,Vandal turned attempted contributor,TBD,2006-01-13,2006-01-13,1,1,1,1,1,0,0,http://en.wikipedia.org/wiki/Talk:Climate_change/Archive_2#Vandal_turned_attempted_contributor
Climate_change,non-climate factors driving climate,"Vezier, again",TBD,2006-01-31,2006-01-31,1,2,1,2,1,0,0,http://en.wikipedia.org/wiki/Talk:Climate_change/Archive_2#Vezier.2C_again
Climate_change,greenhouse gases,Non-climate factors driving climate,TBD,2006-02-08,2006-02-10,3,4,1,3,1,0,0,http://en.wikipedia.org/wiki/Talk:Climate_change/Archive_2#Non-climate_factors_driving_climate
Climate_change,,Green Facts,TBD,2006-04-22,2006-06-06,4,4,1,3,2,0,0,http://en.wikipedia.org/wiki/Talk:Climate_change/Archive_2#Green_Facts
Climate_change,,First Paragraph,TBD,2006-07-20,2006-10-28,2,4,1,1,1,0,0,http://en.wikipedia.org/wiki/Talk:Climate_change/Archive_2#First_Paragraph
Climate_change,,GA Re-Review and In-line citations,TBD,2006-09-26,2006-09-26,1,1,1,2,2,0,0,http://en.wikipedia.org/wiki/Talk:Climate_change/Archive_2#GA_Re-Review_and_In-line_citations
Climate_change,,Volcanic eruptions,TBD,2006-10-02,2007-02-13,3,3,1,2,1,0,0,http://en.wikipedia.org/wiki/Talk:Climate_change/Archive_2#Volcanic_eruptions
Climate_change,,Merge with [[Global warming,TBD,2006-10-13,2006-11-23,3,4,1,2,1,0,0,http://en.wikipedia.org/wiki/Talk:Climate_change/Archive_2#Merge_with_.5B.5BGlobal_warming
Climate_change,evidence for climatic change,Consistent graph orientation,TBD,2007-01-14,2007-02-12,2,2,1,1,1,0,0,http://en.wikipedia.org/wiki/Talk:Climate_change/Archive_2#Consistent_graph_orientation
Climate_change,beetles,Evidence for Climatic Change,TBD,2007-01-31,2007-01-31,1,1,1,2,1,0,0,http://en.wikipedia.org/wiki/Talk:Climate_change/Archive_2#Evidence_for_Climatic_Change
Climate_change,dendroclimatology,Evidence for Climatic Change,TBD,2007-01-31,2007-01-31,1,1,1,2,1,0,0,http://en.wikipedia.org/wiki/Talk:Climate_change/Archive_2#Evidence_for_Climatic_Change
Climate_change,evidence for climatic change,Evidence for Climatic Change,TBD,2007-01-31,2007-01-31,1,1,1,2,1,0,0,http://en.wikipedia.org/wiki/Talk:Climate_change/Archive_2#Evidence_for_Climatic_Change
Climate_change,ice cores,Evidence for Climatic Change,TBD,2007-01-31,2007-01-31,1,1,1,2,1,0,0,http://en.wikipedia.org/wiki/Talk:Climate_change/Archive_2#Evidence_for_Climatic_Change
Climate_change,,Link,TBD,2007-02-08,2007-02-08,2,2,1,2,1,0,0,http://en.wikipedia.org/wiki/Talk:Climate_change/Archive_2#Link
Climate_change,climate change in popular culture,Atomic particles,TBD,2007-02-12,2007-03-18,2,2,1,7,1,1,2,http://en.wikipedia.org/wiki/Talk:Climate_change/Archive_2#Atomic_particles
Climate_change,,climate change in popular culture,TBD,2007-02-13,2007-02-26,4,7,1,2,2,0,0,http://en.wikipedia.org/wiki/Talk:Climate_change/Archive_2#climate_change_in_popular_culture
Climate_change,,External link for discussion,TBD,2007-04-16,2007-04-08,3,3,1,1,1,0,0,http://en.wikipedia.org/wiki/Talk:Climate_change/Archive_2#External_link_for_discussion
Climate_change,,Another reference,TBD,2007-03-26,2007-03-26,1,1,0,0,0,0,0,
Climate_change,,External Links?,TBD,2007-05-10,2007-10-29,10,16,1,1,1,0,0,http://en.wikipedia.org/wiki/Talk:Climate_change/Archive_2#External_Links.3F
Climate_change,fossil fuels,What about contributions by agriculture in general?,TBD,2007-05-21,2007-05-21,1,1,1,1,1,0,0,http://en.wikipedia.org/wiki/Talk:Climate_change/Archive_2#What_about_contributions_by_agriculture_in_general.3F
Climate_change,livestock,What about contributions by agriculture in general?,TBD,2007-05-21,2007-05-21,1,1,1,1,1,0,0,http://en.wikipedia.org/wiki/Talk:Climate_change/Archive_2#What_about_contributions_by_agriculture_in_general.3F
Climate_change,,Questionable Reference,TBD,2007-05-31,2007-05-31,3,5,1,1,1,0,0,http://en.wikipedia.org/wiki/Talk:Climate_change/Archive_2#Questionable_Reference
Climate_change,climate change factors,First paragraph must be wrong in defining climate change?,TBD,2007-08-26,2007-08-26,1,1,1,2,1,0,0,http://en.wikipedia.org/wiki/Talk:Climate_change/Archive_2#First_paragraph_must_be_wrong_in_defining_climate_change.3F
Climate_change,glaciation,First paragraph must be wrong in defining climate change?,TBD,2007-08-26,2007-08-26,1,1,1,2,1,0,0,http://en.wikipedia.org/wiki/Talk:Climate_change/Archive_2#First_paragraph_must_be_wrong_in_defining_climate_change.3F
Climate_change,introduction,First paragraph must be wrong in defining climate change?,TBD,2007-08-26,2007-08-26,1,1,1,2,1,0,0,http://en.wikipedia.org/wiki/Talk:Climate_change/Archive_2#First_paragraph_must_be_wrong_in_defining_climate_change.3F
Climate_change,ocean variability,First paragraph must be wrong in defining climate change?,TBD,2007-08-26,2007-08-26,1,1,1,2,1,0,0,http://en.wikipedia.org/wiki/Talk:Climate_change/Archive_2#First_paragraph_must_be_wrong_in_defining_climate_change.3F
Climate_change,external links,First paragraph must be wrong in defining climate change?,TBD,2007-08-26,2007-08-26,1,1,1,2,1,0,0,http://en.wikipedia.org/wiki/Talk:Climate_change/Archive_2#First_paragraph_must_be_wrong_in_defining_climate_change.3F
Climate_change,,External links,TBD,2007-09-28,2007-09-28,2,2,1,4,1,0,1,http://en.wikipedia.org/wiki/Talk:Climate_change/Archive_2#External_links
Climate_change,,Current atmospheric CO2 levels,TBD,2007-09-29,2007-09-29,3,4,1,4,2,0,1,http://en.wikipedia.org/wiki/Talk:Climate_change/Archive_3#Current_atmospheric_CO2_levels
Climate_change,solar variation,Copenhagen Climate Conference,TBD,2009-03-14,2009-03-14,3,4,1,5,1,0,0,http://en.wikipedia.org/wiki/Talk:Climate_change/Archive_3#Copenhagen_Climate_Conference
Climate_change,,Solar Variations,TBD,2009-02-23,2009-05-02,3,6,1,1,1,0,0,http://en.wikipedia.org/wiki/Talk:Climate_change/Archive_3#Solar_Variations
Climate_change,effects,Translation please,TBD,2009-05-02,2009-05-02,1,1,0,1,1,0,0,http://en.wikipedia.org/wiki/Talk:Climate_change/Archive_3#Translation_please
Climate_change,,Torrent file about climate change,TBD,2009-05-05,2009-05-05,1,2,1,8,2,1,2,http://en.wikipedia.org/wiki/Talk:Climate_change/Archive_3#Torrent_file_about_climate_change
Climate_change,impact,Recent changes,TBD,2009-05-09,2009-05-11,4,11,1,2,1,0,0,http://en.wikipedia.org/wiki/Talk:Climate_change/Archive_3#Recent_changes
Climate_change,effects,Recent changes,TBD,2009-05-09,2009-05-11,4,11,1,2,1,0,0,http://en.wikipedia.org/wiki/Talk:Climate_change/Archive_3#Recent_changes
Climate_change,,Human Effects on Global Warming,TBD,2009-06-26,2009-06-26,2,2,1,1,1,0,0,http://en.wikipedia.org/wiki/Talk:Climate_change/Archive_3#Human_Effects_on_Global_Warming
Climate_change,,Economic opinion on climate change,TBD,2009-07-08,2009-07-08,1,1,1,5,2,1,1,http://en.wikipedia.org/wiki/Talk:Climate_change/Archive_3#Economic_opinion_on_climate_change
Climate_change,,Error in Article Heading,TBD,2009-07-05,2009-08-04,5,6,1,3,1,0,0,http://en.wikipedia.org/wiki/Talk:Climate_change/Archive_3#Error_in_Article_Heading
Climate_change,,redirection from GLOBAL CHANGE,TBD,2009-07-23,2009-08-01,2,3,1,1,1,0,0,http://en.wikipedia.org/wiki/Talk:Climate_change/Archive_3#redirection_from_GLOBAL_CHANGE
Climate_change,,Friendly Notice,TBD,2009-07-28,2009-07-28,1,1,1,1,1,0,0,http://en.wikipedia.org/wiki/Talk:Climate_change/Archive_3#Friendly_Notice
Climate_change,,External link,TBD,2009-08-20,2009-08-20,1,1,1,1,1,0,0,http://en.wikipedia.org/wiki/Talk:Climate_change/Archive_3#External_link
Climate_change,,Reference to Frank Luntz on term 'climate change' for political reasons needed,TBD,2009-10-13,2009-10-13,1,1,1,1,1,0,0,http://en.wikipedia.org/wiki/Talk:Climate_change/Archive_3#Reference_to_Frank_Luntz_on_term_.27climate_change.27_for_political_reasons_needed
Climate_change,,Climate Change Vulnerability Index,TBD,2009-09-05,2009-09-05,1,1,1,2,1,0,0,http://en.wikipedia.org/wiki/Talk:Climate_change/Archive_3#Climate_Change_Vulnerability_Index
Climate_change,,Solar stuff,TBD,2009-09-24,2009-09-25,2,2,1,1,1,0,0,http://en.wikipedia.org/wiki/Talk:Climate_change/Archive_3#Solar_stuff
Climate_change,,Climate Change News,TBD,2009-10-16,2009-10-16,1,1,1,2,1,0,0,http://en.wikipedia.org/wiki/Talk:Climate_change/Archive_3#Climate_Change_News
Climate_change,,Dead Link,TBD,2009-10-21,2009-10-21,2,2,1,2,1,0,0,http://en.wikipedia.org/wiki/Talk:Climate_change/Archive_3#Dead_Link
Climate_change,,Support for population control,TBD,2009-11-20,2009-11-20,2,2,1,1,1,0,0,http://en.wikipedia.org/wiki/Talk:Climate_change/Archive_3#Support_for_population_control
Climate_change,effects,Allegations of Junk Science,TBD,2009-11-24,2009-11-24,1,1,1,2,1,0,0,http://en.wikipedia.org/wiki/Talk:Climate_change/Archive_3#Allegations_of_Junk_Science
Climate_change,,Effects of CO2,TBD,2009-12-24,2009-12-24,2,2,1,2,1,0,0,http://en.wikipedia.org/wiki/Talk:Climate_change/Archive_3#Effects_of_CO2
Climate_change,volcanism,Article in Timesonline,TBD,2009-11-30,2009-11-30,2,2,1,2,1,0,0,http://en.wikipedia.org/wiki/Talk:Climate_change/Archive_3#Article_in_Timesonline
Climate_change,,Volcanism,TBD,2009-12-09,2009-12-09,2,2,0,2,1,0,0,http://en.wikipedia.org/wiki/Talk:Climate_change/Archive_3#Volcanism
Climate_change,human influences,Changes to introductory paragraphs,TBD,2009-12-10,2009-12-12,1,2,1,1,1,0,0,http://en.wikipedia.org/wiki/Talk:Climate_change/Archive_3#Changes_to_introductory_paragraphs
Climate_change,effects,Human influences,TBD,2009-12-14,2009-12-14,1,1,1,4,2,0,0,http://en.wikipedia.org/wiki/Talk:Climate_change/Archive_3#Human_influences
Climate_change,human factors,Human influences,TBD,2009-12-14,2009-12-14,1,1,1,4,2,0,0,http://en.wikipedia.org/wiki/Talk:Climate_change/Archive_3#Human_influences
Climate_change,human influences,Human influences,TBD,2009-12-14,2009-12-14,1,1,1,4,2,0,0,http://en.wikipedia.org/wiki/Talk:Climate_change/Archive_3#Human_influences
Climate_change,human influences,Human influences,TBD,2009-12-14,2009-12-14,1,1,1,4,2,0,0,http://en.wikipedia.org/wiki/Talk:Climate_change/Archive_3#Human_influences
Climate_change,,Edit request to Human influences section of Climate Change article,TBD,2009-12-23,2010-01-05,4,5,1,1,1,0,0,http://en.wikipedia.org/wiki/Talk:Climate_change/Archive_3#Edit_request_to_Human_influences_section_of_Climate_Change_article
Climate_change,,Article probation,TBD,2010-01-02,2010-01-02,1,1,1,1,1,0,0,http://en.wikipedia.org/wiki/Talk:Climate_change/Archive_3#Article_probation
Climate_change,,Grammar correction,TBD,2010-01-02,2010-01-02,1,1,0,5,1,1,1,http://en.wikipedia.org/wiki/Talk:Climate_change/Archive_3#Grammar_correction
Climate_change,,Other evidence,TBD,2010-01-22,2010-03-18,2,5,1,5,2,0,0,http://en.wikipedia.org/wiki/Talk:Climate_change/Archive_3#Other_evidence
Climate_change,glaciers,Add? [http://www.investors.com/NewsAndAnalysis/Article.aspx?id=529363 A Complete List Of Bad Things Attributed To Global Warming] from [[nvestor's Business Daily]].,TBD,2010-04-06,2010-08-29,6,6,1,3,1,0,0,http://en.wikipedia.org/wiki/Talk:Climate_change/Archive_3#Add.3F_.5Bhttp.3A//www.investors.com/NewsAndAnalysis/Article.aspx.3Fid.3D529363_A_Complete_List_Of_Bad_Things_Attributed_To_Global_Warming.5D_from_.5B.5Bnvestor.27s_Business_Daily.5D.5D.
Climate_change,,"Glaciers paragraph problem - no citations, grossly incorrect information",TBD,2010-04-17,2010-05-09,3,3,1,5,2,1,1,http://en.wikipedia.org/wiki/Talk:Climate_change/Archive_3#Glaciers_paragraph_problem_-_no_citations.2C_grossly_incorrect_information
Climate_change,"gradual push, sudden shift",Top 10 Places Already Affected by Climate Change,TBD,2010-05-18,2010-08-29,5,8,0,4,1,0,2,http://en.wikipedia.org/wiki/Talk:Climate_change/Archive_3#Top_10_Places_Already_Affected_by_Climate_Change
Climate_change,"gradual push, sudden shift","Questions on new-ish section: &quot;Gradual push, sudden shift&quot;",TBD,2010-09-01,2010-09-09,2,5,1,1,1,0,0,http://en.wikipedia.org/wiki/Talk:Climate_change/Archive_3#Questions_on_new-ish_section.3A_.26quot.3BGradual_push.2C_sudden_shift.26quot.3B
Climate_change,,"Edit request from TWOGIC, 27 September 2010",TBD,2010-09-27,2010-09-27,3,3,1,1,1,0,0,http://en.wikipedia.org/wiki/Talk:Climate_change/Archive_3#Edit_request_from_TWOGIC.2C_27_September_2010
Climate_change,impact,Effects on Wildlife,TBD,2010-11-20,2010-11-20,2,3,1,1,1,0,0,http://en.wikipedia.org/wiki/Talk:Climate_change/Archive_3#Effects_on_Wildlife
Climate_change,precipitation,Effects on Wildlife,TBD,2010-11-20,2010-11-20,2,3,1,1,1,0,0,http://en.wikipedia.org/wiki/Talk:Climate_change/Archive_3#Effects_on_Wildlife
Climate_change,,Definition of Climate Change at Status Quo  (2010),TBD,2010-12-09,2010-12-09,1,1,0,0,0,0,0,
Climate_change,,Terminology,TBD,2010-12-19,2011-01-09,5,5,1,1,1,0,0,http://en.wikipedia.org/wiki/Talk:Climate_change/Archive_3#Terminology
Climate_change,causes,Request for clearer definitions of terminology and wikipedia page structure on climate change,TBD,2011-01-02,2011-01-02,1,1,1,1,1,0,0,http://en.wikipedia.org/wiki/Talk:Climate_change/Archive_3#Request_for_clearer_definitions_of_terminology_and_wikipedia_page_structure_on_climate_change
Climate_change,greenhouse gases,Request for clearer definitions of terminology and wikipedia page structure on climate change,TBD,2011-01-02,2011-01-02,1,1,1,1,1,0,0,http://en.wikipedia.org/wiki/Talk:Climate_change/Archive_3#Request_for_clearer_definitions_of_terminology_and_wikipedia_page_structure_on_climate_change
Climate_change,impact,Request for clearer definitions of terminology and wikipedia page structure on climate change,TBD,2011-01-02,2011-01-02,1,1,1,1,1,0,0,http://en.wikipedia.org/wiki/Talk:Climate_change/Archive_3#Request_for_clearer_definitions_of_terminology_and_wikipedia_page_structure_on_climate_change
Climate_change,terminology,Request for clearer definitions of terminology and wikipedia page structure on climate change,TBD,2011-01-02,2011-01-02,1,1,1,1,1,0,0,http://en.wikipedia.org/wiki/Talk:Climate_change/Archive_3#Request_for_clearer_definitions_of_terminology_and_wikipedia_page_structure_on_climate_change
Climate_change,solar output,Solar variance has exerted a cooling effect since 1750?,TBD,2011-01-10,2011-01-10,1,1,1,2,1,0,0,http://en.wikipedia.org/wiki/Talk:Climate_change/Archive_3#Solar_variance_has_exerted_a_cooling_effect_since_1750.3F
Climate_change,solar variability,Solar variance has exerted a cooling effect since 1750?,TBD,2011-01-10,2011-01-10,1,1,1,2,1,0,0,http://en.wikipedia.org/wiki/Talk:Climate_change/Archive_3#Solar_variance_has_exerted_a_cooling_effect_since_1750.3F
Climate_change,ice cores,Solar variance has exerted a cooling effect since 1750?,TBD,2011-01-10,2011-01-10,1,1,1,2,1,0,0,http://en.wikipedia.org/wiki/Talk:Climate_change/Archive_3#Solar_variance_has_exerted_a_cooling_effect_since_1750.3F
Climate_change,volcanism,Graph of Vostok Ice cores,TBD,2011-03-24,2011-04-27,2,2,1,4,3,1,1,http://en.wikipedia.org/wiki/Talk:Climate_change/Archive_3#Graph_of_Vostok_Ice_cores
Climate_change,causes,Volcanism:  Internal or external forcing agent?,TBD,2011-06-02,2011-06-05,5,13,1,2,1,0,0,http://en.wikipedia.org/wiki/Talk:Climate_change/Archive_3#Volcanism.3A__Internal_or_external_forcing_agent.3F
Climate_change,,Causes sub section lede,TBD,2011-06-02,2011-06-04,2,3,1,3,2,0,0,http://en.wikipedia.org/wiki/Talk:Climate_change/Archive_3#Causes_sub_section_lede
Climate_change,,Volcanic Vs. Antropogenic CO2 emissions,TBD,2011-02-27,2011-06-20,6,7,1,2,1,0,0,http://en.wikipedia.org/wiki/Talk:Climate_change/Archive_3#Volcanic_Vs._Antropogenic_CO2_emissions
Climate_change,,"Edit request from Ksinha42, 11 July 2011",TBD,2011-07-11,2011-07-12,2,2,1,3,2,0,0,http://en.wikipedia.org/wiki/Talk:Climate_change/Archive_3#Edit_request_from_Ksinha42.2C_11_July_2011
Climate_change,,Origin of the term &quot;Climate Change&quot;,TBD,2011-06-24,2011-07-23,3,4,2,7,1,2,4,http://en.wikipedia.org/wiki/Talk:Climate_change/Archive_3#Origin_of_the_term_.26quot.3BClimate_Change.26quot.3B
Climate_change,terminology,Include [[Planetary boundaries]] metric.,TBD,2011-06-28,2011-08-02,5,8,1,5,1,1,2,http://en.wikipedia.org/wiki/Talk:Climate_change/Archive_3#Include_.5B.5BPlanetary_boundaries.5D.5D_metric.
Climate_change,,Terminology,TBD,2011-07-19,2011-07-23,3,5,1,7,1,2,2,http://en.wikipedia.org/wiki/Talk:Climate_change/Archive_3#Terminology
Climate_change,,Historical perspective,TBD,2011-07-19,2011-07-23,3,7,0,5,2,0,0,http://en.wikipedia.org/wiki/Talk:Climate_change/Archive_3#Historical_perspective
Climate_change,,Outline structure,TBD,2011-06-02,2011-07-21,3,7,1,2,1,0,0,http://en.wikipedia.org/wiki/Talk:Climate_change/Archive_3#Outline_structure
Climate_change,,"Edit request from 155.198.222.17, 8 September 2011",TBD,2011-09-08,2011-09-08,2,2,1,2,1,0,0,http://en.wikipedia.org/wiki/Talk:Climate_change/Archive_3#Edit_request_from_155.198.222.17.2C_8_September_2011
Climate_change,,Graphics,TBD,2011-09-11,2011-09-20,2,2,1,3,1,0,1,http://en.wikipedia.org/wiki/Talk:Climate_change/Archive_3#Graphics
Climate_change,,"IPCC citations, Harv",TBD,2011-09-26,2011-09-28,2,3,1,4,2,0,0,http://en.wikipedia.org/wiki/Talk:Climate_change/Archive_3#IPCC_citations.2C_Harv
Climate_change,impact,The biggest &quot;External Forcing Mechanism&quot; is not listed.,TBD,2011-09-11,2011-11-02,5,7,1,1,1,0,0,http://en.wikipedia.org/wiki/Talk:Climate_change/Archive_4#The_biggest_.26quot.3BExternal_Forcing_Mechanism.26quot.3B_is_not_listed.
Climate_change,dendroclimatology,Mention of a type of forcing factor is not evidence or an example,TBD,2011-11-25,2011-11-25,1,1,1,2,1,0,0,http://en.wikipedia.org/wiki/Talk:Climate_change/Archive_4#Mention_of_a_type_of_forcing_factor_is_not_evidence_or_an_example
Climate_change,physical evidence,Mention of a type of forcing factor is not evidence or an example,TBD,2011-11-25,2011-11-25,1,1,1,2,1,0,0,http://en.wikipedia.org/wiki/Talk:Climate_change/Archive_4#Mention_of_a_type_of_forcing_factor_is_not_evidence_or_an_example
Climate_change,physical evidence for and examples of climatic change,Mention of a type of forcing factor is not evidence or an example,TBD,2011-11-25,2011-11-25,1,1,1,2,1,0,0,http://en.wikipedia.org/wiki/Talk:Climate_change/Archive_4#Mention_of_a_type_of_forcing_factor_is_not_evidence_or_an_example
Climate_change,further reading,Mention of a type of forcing factor is not evidence or an example,TBD,2011-11-25,2011-11-25,1,1,1,2,1,0,0,http://en.wikipedia.org/wiki/Talk:Climate_change/Archive_4#Mention_of_a_type_of_forcing_factor_is_not_evidence_or_an_example
Climate_change,external links,Mention of a type of forcing factor is not evidence or an example,TBD,2011-11-25,2011-11-25,1,1,1,2,1,0,0,http://en.wikipedia.org/wiki/Talk:Climate_change/Archive_4#Mention_of_a_type_of_forcing_factor_is_not_evidence_or_an_example
Climate_change,,External links and Further Reading,TBD,2011-10-26,2011-11-26,3,3,1,3,1,0,1,http://en.wikipedia.org/wiki/Talk:Climate_change/Archive_4#External_links_and_Further_Reading
Climate_change,,Quotation resource,TBD,2011-11-29,2011-12-02,2,3,1,2,2,0,0,http://en.wikipedia.org/wiki/Talk:Climate_change/Archive_4#Quotation_resource
Climate_change,solar wind,Is [[ocean acidification]] really &quot;part of climate change&quot;?!??,TBD,2011-12-27,2011-12-27,1,1,1,1,1,0,0,http://en.wikipedia.org/wiki/Talk:Climate_change/Archive_4#Is_.5B.5Bocean_acidification.5D.5D_really_.26quot.3Bpart_of_climate_change.26quot.3B.3F.21.3F.3F
Climate_change,solar wind,Solar wind,TBD,2012-02-11,2012-02-11,1,1,1,2,1,0,0,http://en.wikipedia.org/wiki/Talk:Climate_change/Archive_4#Solar_wind
Climate_change,fish,History of Climate Changes,TBD,2012-03-22,2012-06-10,2,3,1,1,1,0,0,http://en.wikipedia.org/wiki/Talk:Climate_change/Archive_4#History_of_Climate_Changes
Climate_change,,File:FAOfishandclimate.jpg Nominated for Deletion,TBD,2012-03-27,2012-03-27,1,1,1,1,1,0,0,http://en.wikipedia.org/wiki/Talk:Climate_change/Archive_4#File.3AFAOfishandclimate.jpg_Nominated_for_Deletion
Climate_change,terminology,Human Influence on local not global warming over CO2 limited to additional max. +100ppm +0.5Â° by sources,TBD,2012-04-03,2012-04-03,1,1,1,4,2,0,0,http://en.wikipedia.org/wiki/Talk:Climate_change/Archive_4#Human_Influence_on_local_not_global_warming_over_CO2_limited_to_additional_max._.2B100ppm_.2B0.5.C3.82.C2.B0_by_sources
Climate_change,,terminology usage question: ''climate change'' &amp;/or ''global warming''?,TBD,2012-06-15,2012-06-17,5,7,1,1,1,0,0,http://en.wikipedia.org/wiki/Talk:Climate_change/Archive_4#terminology_usage_question.3A_.27.27climate_change.27.27_.26amp.3B/or_.27.27global_warming.27.27.3F
Climate_change,,Change &quot;Lasting&quot; to &quot;Persistent&quot;,TBD,2012-07-16,2012-07-16,1,1,1,1,1,0,0,http://en.wikipedia.org/wiki/Talk:Climate_change/Archive_4#Change_.26quot.3BLasting.26quot.3B_to_.26quot.3BPersistent.26quot.3B
Climate_change,effects,Edit request-remove word from first sentence from lede,TBD,2012-09-16,2012-09-16,1,1,1,2,1,0,0,http://en.wikipedia.org/wiki/Talk:Climate_change/Archive_4#Edit_request-remove_word_from_first_sentence_from_lede
Climate_change,external forcings,Agriculture effects,TBD,2013-05-15,2013-05-15,1,1,1,2,2,0,0,http://en.wikipedia.org/wiki/Talk:Climate_change/Archive_4#Agriculture_effects
Climate_change,solar output,Internal vs External forcings,TBD,2012-10-10,2013-07-09,3,3,1,2,2,0,0,http://en.wikipedia.org/wiki/Talk:Climate_change/Archive_4#Internal_vs_External_forcings
Climate_change,ice cores,Sea ice loss and ice sheets and partial reverts...,TBD,2012-10-11,2012-10-11,4,5,1,3,2,0,0,http://en.wikipedia.org/wiki/Talk:Climate_change/Archive_4#Sea_ice_loss_and_ice_sheets_and_partial_reverts...
Climate_change,,Request move,TBD,2012-10-31,2013-04-11,2,3,1,5,1,0,0,http://en.wikipedia.org/wiki/Talk:Climate_change/Archive_4#Request_move
Climate_change,,Merge [[Careers in climate change,TBD,2013-04-08,2013-04-09,5,6,2,4,1,0,2,http://en.wikipedia.org/wiki/Talk:Climate_change/Archive_4#Merge_.5B.5BCareers_in_climate_change
Climate_change,,New NASA video,TBD,2013-10-07,2013-10-07,2,4,1,10,4,4,5,http://en.wikipedia.org/wiki/Talk:Climate_change/Archive_4#New_NASA_video
Climate_change,,Why isn't this article (and the 'Global Warming' article) subject to the infamous wiki banner: &quot;The neutrality of this article is disputed.&quot;?,TBD,2013-11-25,2013-12-03,4,12,2,6,1,3,2,http://en.wikipedia.org/wiki/Talk:Climate_change#Why_isn.27t_this_article_.28and_the_.27Global_Warming.27_article.29_subject_to_the_infamous_wiki_banner.3A_.26quot.3BThe_neutrality_of_this_article_is_disputed..26quot.3B.3F
Climate_change,asbtract,Climate departure,TBD,2013-10-10,2013-10-10,3,6,2,3,3,1,1,http://en.wikipedia.org/wiki/Talk:Climate_change#Climate_departure
Climate_change,,Changes in lead today (Oct 22),TBD,2013-10-22,2013-11-10,5,7,2,4,2,0,1,http://en.wikipedia.org/wiki/Talk:Climate_change#Changes_in_lead_today_.28Oct_22.29
Climate_change,physical evidence,It is deceptive to give arctic temps as the primary example,TBD,2013-11-28,2013-11-29,4,6,1,1,1,0,0,http://en.wikipedia.org/wiki/Talk:Climate_change#It_is_deceptive_to_give_arctic_temps_as_the_primary_example
Climate_change,terminology,It is deceptive to give arctic temps as the primary example,TBD,2013-11-28,2013-11-29,4,6,1,1,1,0,0,http://en.wikipedia.org/wiki/Talk:Climate_change#It_is_deceptive_to_give_arctic_temps_as_the_primary_example
Climate_change,,Terminology &quot;global warming&quot; tentative merge idea forming,TBD,2014-01-21,2014-01-21,1,1,0,0,0,0,0,http://en.wikipedia.org/wiki/Talk:Climate_change#Terminology_.26quot.3Bglobal_warming.26quot.3B_tentative_merge_idea_forming
Climate_change,,1950-2013 temp rise,TBD,2014-01-30,2014-01-30,3,3,0,0,0,0,0,
