section,thread,controversiality,min_date,max_date,nb_users,nb_messages,permalink
,Internal forcing section,5,2004-11-17,2004-11-17,1,1,http://en.wikipedia.org/wiki/...
,Soon and Baliumas,4,2003-08-11,2003-08-11,1,1,http://en.wikipedia.org/wiki/...
radiative forcing,How Many Bulls,2,2003-09-10,2003-09-11,1,2,http://en.wikipedia.org/wiki/...
,Radiative Forcing,1,2004-01-08,2004-01-08,1,1,http://en.wikipedia.org/wiki/...
,Journal Editor,2,2004-01-08,2004-11-17,2,2,http://en.wikipedia.org/wiki/...
,Merge with global warming article,1,2004-07-15,2004-07-19,2,2,http://en.wikipedia.org/wiki/...
,This page is incoherent at best,0,2004-11-17,2004-11-17,1,1,http://en.wikipedia.org/wiki/...
,New Articles: [[Global climate change]] and [[Climate forcings,1,2004-12-02,2005-07-17,2,2,http://en.wikipedia.org/wiki/...
,"Dispute Resolution RFC, William M. Connolley",1,2005-01-18,2005-01-18,1,1,http://en.wikipedia.org/wiki/...
,skepticism,3,2005-02-23,2005-02-23,1,1,http://en.wikipedia.org/wiki/...
,Paradigms,1,2005-03-14,2005-03-15,1,2,http://en.wikipedia.org/wiki/...
,Temporary injunction,4,2005-05-23,2005-05-23,1,1,http://en.wikipedia.org/wiki/...
,Recent Rewrite,1,2007-11-13,2005-07-10,2,2,http://en.wikipedia.org/wiki/...
plate tectonics,Developing a schema,1,2005-07-16,2005-07-16,1,1,http://en.wikipedia.org/wiki/...
,plate tectonics and climate change,1,2005-08-11,2005-08-22,2,2,http://en.wikipedia.org/wiki/...
books,WAS's list,1,2005-08-12,2005-08-12,1,1,http://en.wikipedia.org/wiki/...
,next century,2,2005-12-11,2007-02-08,2,2,http://en.wikipedia.org/wiki/...
,See-also,1,2005-12-23,2005-12-24,2,2,http://en.wikipedia.org/wiki/...
,Extreme weather cost graph,1,2005-12-24,2005-12-28,1,2,http://en.wikipedia.org/wiki/...
,Vandal turned attempted contributor,1,2006-01-13,2006-01-13,1,1,http://en.wikipedia.org/wiki/...
non-climate factors driving climate,"Vezier, again",2,2006-01-31,2006-01-31,1,2,http://en.wikipedia.org/wiki/...
,Non-climate factors driving climate,3,2006-02-08,2006-02-10,3,4,http://en.wikipedia.org/wiki/...
,Green Facts,3,2006-04-22,2006-06-06,4,4,http://en.wikipedia.org/wiki/...
,First Paragraph,1,2006-07-20,2006-10-28,2,4,http://en.wikipedia.org/wiki/...
,GA Re-Review and In-line citations,2,2006-09-26,2006-09-26,1,1,http://en.wikipedia.org/wiki/...
,Volcanic eruptions,2,2006-10-02,2007-02-13,3,3,http://en.wikipedia.org/wiki/...
,Merge with [[Global warming,2,2006-10-13,2006-11-23,3,4,http://en.wikipedia.org/wiki/...
evidence for climatic change,Consistent graph orientation,1,2007-01-14,2007-02-12,2,2,http://en.wikipedia.org/wiki/...
,Evidence for Climatic Change,2,2007-01-31,2007-01-31,1,1,http://en.wikipedia.org/wiki/...
,Link,2,2007-02-08,2007-02-08,2,2,http://en.wikipedia.org/wiki/...
climate change in popular culture,Atomic particles,7,2007-02-12,2007-03-18,2,2,http://en.wikipedia.org/wiki/...
,climate change in popular culture,2,2007-02-13,2007-02-26,4,7,http://en.wikipedia.org/wiki/...
,External link for discussion,1,2007-04-16,2007-04-08,3,3,http://en.wikipedia.org/wiki/...
,Another reference,0,2007-03-26,2007-03-26,1,1,http://en.wikipedia.org/wiki/...
'''general''',External Links,1,2007-05-10,2007-10-29,10,16,http://en.wikipedia.org/wiki/...
,What about contributions by agriculture in general,1,2007-05-21,2007-05-21,1,1,http://en.wikipedia.org/wiki/...
,Questionable Reference,1,2007-05-31,2007-05-31,3,5,http://en.wikipedia.org/wiki/...
external links,First paragraph must be wrong in defining climate change,2,2007-08-26,2007-08-26,1,1,http://en.wikipedia.org/wiki/...
,External links,4,2007-09-28,2007-09-28,2,2,http://en.wikipedia.org/wiki/...
,Current atmospheric CO2 levels,4,2007-09-29,2007-09-29,3,4,http://en.wikipedia.org/wiki/...
solar variation,Copenhagen Climate Conference,5,2009-03-14,2009-03-14,3,4,http://en.wikipedia.org/wiki/...
,Solar Variations,1,2009-02-23,2009-05-02,3,6,http://en.wikipedia.org/wiki/...
,Translation please,1,2009-05-02,2009-05-02,1,1,http://en.wikipedia.org/wiki/...
,Torrent file about climate change,8,2009-05-05,2009-05-05,1,2,http://en.wikipedia.org/wiki/...
effects,Recent changes,2,2009-05-09,2009-05-11,4,11,http://en.wikipedia.org/wiki/...
,Human Effects on Global Warming,1,2009-06-26,2009-06-26,2,2,http://en.wikipedia.org/wiki/...
,Economic opinion on climate change,5,2009-07-08,2009-07-08,1,1,http://en.wikipedia.org/wiki/...
,Error in Article Heading,3,2009-07-05,2009-08-04,5,6,http://en.wikipedia.org/wiki/...
,redirection from GLOBAL CHANGE,1,2009-07-23,2009-08-01,2,3,http://en.wikipedia.org/wiki/...
,Friendly Notice,1,2009-07-28,2009-07-28,1,1,http://en.wikipedia.org/wiki/...
,External link,1,2009-08-20,2009-08-20,1,1,http://en.wikipedia.org/wiki/...
,Reference to Frank Luntz on term 'climate change' for political reasons needed,1,2009-10-13,2009-10-13,1,1,http://en.wikipedia.org/wiki/...
,Climate Change Vulnerability Index,2,2009-09-05,2009-09-05,1,1,http://en.wikipedia.org/wiki/...
,Solar stuff,1,2009-09-24,2009-09-25,2,2,http://en.wikipedia.org/wiki/...
,Climate Change News,2,2009-10-16,2009-10-16,1,1,http://en.wikipedia.org/wiki/...
,Dead Link,2,2009-10-21,2009-10-21,2,2,http://en.wikipedia.org/wiki/...
,Support for population control,1,2009-11-20,2009-11-20,2,2,http://en.wikipedia.org/wiki/...
effects,Allegations of Junk Science,2,2009-11-24,2009-11-24,1,1,http://en.wikipedia.org/wiki/...
,Effects of CO2,2,2009-12-24,2009-12-24,2,2,http://en.wikipedia.org/wiki/...
volcanism,Article in Timesonline,2,2009-11-30,2009-11-30,2,2,http://en.wikipedia.org/wiki/...
,Volcanism,2,2009-12-09,2009-12-09,2,2,http://en.wikipedia.org/wiki/...
human influences,Changes to introductory paragraphs,1,2009-12-10,2009-12-12,1,2,http://en.wikipedia.org/wiki/...
human influences,Human influences,4,2009-12-14,2009-12-14,1,1,http://en.wikipedia.org/wiki/...
,Edit request to Human influences section of Climate Change article,1,2009-12-23,2010-01-05,4,5,http://en.wikipedia.org/wiki/...
,Article probation,1,2010-01-02,2010-01-02,1,1,http://en.wikipedia.org/wiki/...
,Grammar correction,5,2010-01-02,2010-01-02,1,1,http://en.wikipedia.org/wiki/...
,Other evidence,5,2010-01-22,2010-03-18,2,5,http://en.wikipedia.org/wiki/...
glaciers,Add? [http://www.investors.com/NewsAndAnalysis/Article.aspx?id=529363 A Complete List Of Bad Things Attributed To Global Warming] from [[nvestor's Business Daily,3,2010-04-06,2010-08-29,6,6,http://en.wikipedia.org/wiki/...
,"Glaciers paragraph problem - no citations, grossly incorrect information",5,2010-04-17,2010-05-09,3,3,http://en.wikipedia.org/wiki/...
"gradual push, sudden shift",Top 10 Places Already Affected by Climate Change,4,2010-05-18,2010-08-29,5,8,http://en.wikipedia.org/wiki/...
"gradual push, sudden shift","Questions on new-ish section: ""Gradual push, sudden shift",1,2010-09-01,2010-09-09,2,5,http://en.wikipedia.org/wiki/...
,"Edit request from TWOGIC, 27 September 2010",1,2010-09-27,2010-09-27,3,3,http://en.wikipedia.org/wiki/...
,Effects on Wildlife,1,2010-11-20,2010-11-20,2,3,http://en.wikipedia.org/wiki/...
,Definition of Climate Change at Status Quo (2010,0,2010-12-09,2010-12-09,1,1,http://en.wikipedia.org/wiki/...
,Terminology,1,2010-12-19,2011-01-09,5,5,http://en.wikipedia.org/wiki/...
,Request for clearer definitions of terminology and wikipedia page structure on climate change,1,2011-01-02,2011-01-02,1,1,http://en.wikipedia.org/wiki/...
ice cores,Solar variance has exerted a cooling effect since 1750,2,2011-01-10,2011-01-10,1,1,http://en.wikipedia.org/wiki/...
volcanism,Graph of Vostok Ice cores,4,2011-03-24,2011-04-27,2,2,http://en.wikipedia.org/wiki/...
causes,Volcanism: Internal or external forcing agent,2,2011-06-02,2011-06-05,5,13,http://en.wikipedia.org/wiki/...
,Causes sub section lede,3,2011-06-02,2011-06-04,2,3,http://en.wikipedia.org/wiki/...
,Volcanic Vs. Antropogenic CO2 emissions,0,2011-02-27,2011-06-20,6,7,http://en.wikipedia.org/wiki/...
,"Concentrations of CO2 and methane in the atmosphere are much higher than the natural range during the last 650,000 years. The high CO2 concentrations are mainly due to fossil fuel use although land-use change also contributes a small part. The methane concentrations are not only due to fossil fuel use but also due to agriculture. If environmental policies concerning CO2 and methane emissions don’t improve the climate will continue to get warmer year after year. <LF",2,2011-07-11,2011-07-11,1,1,http://en.wikipedia.org/wiki/...
,"Edit request from Ksinha42, 11 July 2011",3,2011-07-12,2011-07-12,1,1,http://en.wikipedia.org/wiki/...
,Origin of the term "Climate Change,7,2011-06-24,2011-07-23,3,4,http://en.wikipedia.org/wiki/...
terminology,Include [[Planetary boundaries]] metric,5,2011-06-28,2011-08-02,5,8,http://en.wikipedia.org/wiki/...
,Terminology,7,2011-07-19,2011-07-23,3,5,http://en.wikipedia.org/wiki/...
,Historical perspective,5,2011-07-19,2011-07-23,3,7,http://en.wikipedia.org/wiki/...
,Outline structure,2,2011-06-02,2011-07-21,3,7,http://en.wikipedia.org/wiki/...
,"Edit request from 155.198.222.17, 8 September 2011",2,2011-09-08,2011-09-08,2,2,http://en.wikipedia.org/wiki/...
,Graphics,3,2011-09-11,2011-09-20,2,2,http://en.wikipedia.org/wiki/...
,"IPCC citations, Harv",4,2011-09-26,2011-09-28,2,3,http://en.wikipedia.org/wiki/...
,The biggest "External Forcing Mechanism" is not listed,1,2011-09-11,2011-11-02,5,7,http://en.wikipedia.org/wiki/...
further reading,Mention of a type of forcing factor is not evidence or an example,2,2011-11-25,2011-11-25,1,1,http://en.wikipedia.org/wiki/...
external links,Mention of a type of forcing factor is not evidence or an example,2,2011-11-25,2011-11-25,1,1,http://en.wikipedia.org/wiki/...
,External links and Further Reading,3,2011-10-26,2011-11-26,3,3,http://en.wikipedia.org/wiki/...
,Quotation resource,2,2011-11-29,2011-12-02,2,3,http://en.wikipedia.org/wiki/...
solar wind,Is [[ocean acidification]] really "part of climate change,1,2011-12-27,2011-12-27,1,1,http://en.wikipedia.org/wiki/...
,Solar wind,2,2012-02-11,2012-02-11,1,1,http://en.wikipedia.org/wiki/...
fish,History of Climate Changes,1,2012-03-22,2012-06-10,2,3,http://en.wikipedia.org/wiki/...
,File:FAOfishandclimate.jpg Nominated for Deletion,1,2012-03-27,2012-03-27,1,1,http://en.wikipedia.org/wiki/...
terminology,Human Influence on local not global warming over CO2 limited to additional max. +100ppm +0.5° by sources,4,2012-04-03,2012-04-03,1,1,http://en.wikipedia.org/wiki/...
,terminology usage question: ''climate change'' &/or ''global warming,1,2012-06-15,2012-06-17,5,7,http://en.wikipedia.org/wiki/...
,Change "Lasting" to "Persistent,1,2012-07-16,2012-07-16,1,1,http://en.wikipedia.org/wiki/...
effects,Edit request-remove word from first sentence from lede,2,2012-09-16,2012-09-16,1,1,http://en.wikipedia.org/wiki/...
,Agriculture effects,2,2013-05-15,2013-05-15,1,1,http://en.wikipedia.org/wiki/...
,Internal vs External forcings,2,2012-10-10,2013-07-09,3,3,http://en.wikipedia.org/wiki/...
,Sea ice loss and ice sheets and partial reverts,3,2012-10-11,2012-10-11,4,5,http://en.wikipedia.org/wiki/...
,Request move,5,2012-10-31,2013-04-11,2,3,http://en.wikipedia.org/wiki/...
,Merge [[Careers in climate change,4,2013-04-08,2013-04-09,5,6,http://en.wikipedia.org/wiki/...
,New NASA video,10,2013-10-07,2013-10-07,2,4,http://en.wikipedia.org/wiki/...
,Why isn't this article (and the 'Global Warming' article) subject to the infamous wiki banner: "The neutrality of this article is disputed,6,2013-11-25,2013-12-03,4,12,http://en.wikipedia.org/wiki/...
asbtract,Climate departure,3,2013-10-10,2013-10-10,3,6,http://en.wikipedia.org/wiki/...
,Changes in lead today (Oct 22,4,2013-10-22,2013-11-10,5,7,http://en.wikipedia.org/wiki/...
terminology,It is deceptive to give arctic temps as the primary example,1,2013-11-28,2013-11-29,4,6,http://en.wikipedia.org/wiki/...
,Terminology "global warming" tentative merge idea forming,0,2014-01-21,2014-01-21,1,1,http://en.wikipedia.org/wiki/...
,1950-2013 temp rise,0,2014-01-30,2014-01-30,3,3,http://en.wikipedia.org/wiki/...
